Workbook

Sheet Portofoliu
A1: Portofoliu de investiții
A2: Celulele galbene = introducere manuală (editabile). Restul se calculează automat prin formule. Valori în USD.
A4: Ticker | B4: Preț curent ($) | C4: Acțiuni | D4: Preț mediu ($) | E4: Cost total ($) | F4: Valoare piață ($) | G4: Câștig/Pierdere ($) | H4: Câștig UNRL (%) | I4: % din portofoliu | J4: Preț cumpărare ($) | K4: Preț vânzare ($) | M4: Sumar | N4: Valoare
A5: MU | B5: 1088 | C5: 101 | D5: 351.39 | E5: =C5*D5 -> 35490.39 | F5: =B5*C5 -> 109888 | G5: =F5-E5 -> 74397.61 | H5: =IF(E5=0,0,F5/E5-1) -> 2.0962748 | I5: =IF($N$6=0,0,F5/$N$6) -> 0.13210366 | J5: 600-700 | K5: 1300-1500 | M5: Cash Tactic ($) | N5: 203527.52
A6: CRDO | B6: 220.01 | C6: 350 | D6: 159.03 | E6: =C6*D6 -> 55660.5 | F6: =B6*C6 -> 77003.5 | G6: =F6-E6 -> 21343 | H6: =IF(E6=0,0,F6/E6-1) -> 0.38344966 | I6: =IF($N$6=0,0,F6/$N$6) -> 0.092571016 | J6: 153-182 | K6: 300(25%) -> 375-420 | M6: Total Portofoliu ($) | N6: =N7+N5 -> 831831.64
A7: CLS | B7: 371.57 | C7: 243 | D7: 247.41 | E7: =C7*D7 -> 60120.63 | F7: =B7*C7 -> 90291.51 | G7: =F7-E7 -> 30170.88 | H7: =IF(E7=0,0,F7/E7-1) -> 0.50183905 | I7: =IF($N$6=0,0,F7/$N$6) -> 0.10854541 | J7: 318-355 | K7: 570(25%) | M7: Total Market Value ($) | N7: =F20 -> 628304.12
A8: ALAB | B8: 382.25 | C8: 165 | D8: 194.31 | E8: =C8*D8 -> 32061.15 | F8: =B8*C8 -> 63071.25 | G8: =F8-E8 -> 31010.1 | H8: =IF(E8=0,0,F8/E8-1) -> 0.96721733 | I8: =IF($N$6=0,0,F8/$N$6) -> 0.075822134 | J8: 207-235 | K8: 400(25%) -> 520-575 | M8: % Cash Tactic | N8: =IF(N6=0,0,N5/N6) -> 0.24467393
A9: VRT | B9: 246.49 | C9: 160 | D9: 217.59 | E9: =C9*D9 -> 34814.4 | F9: =B9*C9 -> 39438.4 | G9: =F9-E9 -> 4624 | H9: =IF(E9=0,0,F9/E9-1) -> 0.1328186 | I9: =IF($N$6=0,0,F9/$N$6) -> 0.047411517 | J9: 234-265 | K9: 400(25%) -> 420-470 | M9: % Investit | N9: =IF(N6=0,0,N7/N6) -> 0.75532607
A10: FN | B10: 497.99 | C10: 74 | D10: 446.55 | E10: =C10*D10 -> 33044.7 | F10: =B10*C10 -> 36851.26 | G10: =F10-E10 -> 3806.56 | H10: =IF(E10=0,0,F10/E10-1) -> 0.11519427 | I10: =IF($N$6=0,0,F10/$N$6) -> 0.044301344 | J10: 425-475 | K10: 700(25%) -> 780-850
A11: STRL | B11: 534.13 | C11: 117 | D11: 277.88 | E11: =C11*D11 -> 32511.96 | F11: =B11*C11 -> 62493.21 | G11: =F11-E11 -> 29981.25 | H11: =IF(E11=0,0,F11/E11-1) -> 0.92216064 | I11: =IF($N$6=0,0,F11/$N$6) -> 0.075127234 | J11: 527-575 | K11: 800(20%) -> 1050-1150 | M11: Notă: valorile (prețuri, acțiuni, preț mediu, cash, intervale buy/sell) provin din captura ta de ecran; nu am adăugat date noi.
A12: IESC | B12: 308.83 | C12: 160 | D12: 173.75 | E12: =C12*D12 -> 27800 | F12: =B12*C12 -> 49412.8 | G12: =F12-E12 -> 21612.8 | H12: =IF(E12=0,0,F12/E12-1) -> 0.77743885 | I12: =IF($N$6=0,0,F12/$N$6) -> 0.059402405 | J12: 275 | K12: 425-460
A13: LEU | B13: 147.14 | C13: 154 | D13: 228 | E13: =C13*D13 -> 35112 | F13: =B13*C13 -> 22659.56 | G13: =F13-E13 -> -12452.44 | H13: =IF(E13=0,0,F13/E13-1) -> -0.35464912 | I13: =IF($N$6=0,0,F13/$N$6) -> 0.02724056 | J13: 140-150 | K13: 280-320
A14: AAOI | B14: 122.54 | C14: 185 | D14: 95.03 | E14: =C14*D14 -> 17580.55 | F14: =B14*C14 -> 22669.9 | G14: =F14-E14 -> 5089.35 | H14: =IF(E14=0,0,F14/E14-1) -> 0.28948753 | I14: =IF($N$6=0,0,F14/$N$6) -> 0.027252991 | J14: 72-86 | K14: 150-175
A15: INOD | B15: 63.42 | C15: 255 | D15: 56.35 | E15: =C15*D15 -> 14369.25 | F15: =B15*C15 -> 16172.1 | G15: =F15-E15 -> 1802.85 | H15: =IF(E15=0,0,F15/E15-1) -> 0.12546584 | I15: =IF($N$6=0,0,F15/$N$6) -> 0.019441554
A16: ANET | B16: 215.83 | C16: 102 | D16: 180.62 | E16: =C16*D16 -> 18423.24 | F16: =B16*C16 -> 22014.66 | G16: =F16-E16 -> 3591.42 | H16: =IF(E16=0,0,F16/E16-1) -> 0.19493965 | I16: =IF($N$6=0,0,F16/$N$6) -> 0.026465283 | J16: 146-180 | K16: 280(25%) ->320-350
A17: UUUU | B17: 10.26 | C17: 380 | D17: 20.2 | E17: =C17*D17 -> 7676 | F17: =B17*C17 -> 3898.8 | G17: =F17-E17 -> -3777.2 | H17: =IF(E17=0,0,F17/E17-1) -> -0.49207921 | I17: =IF($N$6=0,0,F17/$N$6) -> 0.0046870061
A18: NNE | B18: 16.01 | C18: 317 | D18: 33.16 | E18: =C18*D18 -> 10511.72 | F18: =B18*C18 -> 5075.17 | G18: =F18-E18 -> -5436.55 | H18: =IF(E18=0,0,F18/E18-1) -> -0.51718938 | I18: =IF($N$6=0,0,F18/$N$6) -> 0.0061011986
A19: OKLO | B19: 36.82 | C19: 200 | D19: 52.09 | E19: =C19*D19 -> 10418 | F19: =B19*C19 -> 7364 | G19: =F19-E19 -> -3054 | H19: =IF(E19=0,0,F19/E19-1) -> -0.29314648 | I19: =IF($N$6=0,0,F19/$N$6) -> 0.0088527529 | J19: 31-38 | K19: 80
A20: TOTAL | E20: =SUM(E5:E19) -> 425594.49 | F20: =SUM(F5:F19) -> 628304.12 | G20: =SUM(G5:G19) -> 202709.63 | H20: =IF(E20=0,0,F20/E20-1) -> 0.47629759 | I20: =SUM(I5:I19) -> 0.75532607

Sheet Date_grafice
A3: Rang | B3: Ticker (după valoare) | C3: Valoare piață ($) | E3: Rang | F3: Ticker (după câștig) | G3: Câștig (+) | H3: Pierdere (−) | J3: Ticker | K3: Cost total ($) | L3: Valoare piață ($) | N3: Categorie | O3: Valoare ($)
A4: 1 | B4: =INDEX(Portofoliu!$A$5:$A$19,MATCH(LARGE(Portofoliu!$F$5:$F$19,A4),Portofoliu!$F$5:$F$19,0)) -> MU | C4: =LARGE(Portofoliu!$F$5:$F$19,A4) -> 109888 | E4: 1 | F4: =INDEX(Portofoliu!$A$5:$A$19,MATCH(LARGE(Portofoliu!$H$5:$H$19,E4),Portofoliu!$H$5:$H$19,0)) -> MU | G4: =MAX(LARGE(Portofoliu!$H$5:$H$19,E4),0) -> 2.0962748 | H4: =MIN(LARGE(Portofoliu!$H$5:$H$19,E4),0) -> 0 | J4: =B4 -> MU | K4: =INDEX(Portofoliu!$E$5:$E$19,MATCH(J4,Portofoliu!$A$5:$A$19,0)) -> 35490.39 | L4: =C4 -> 109888 | N4: Investit | O4: =Portofoliu!N7 -> 628304.12
A5: 2 | B5: =INDEX(Portofoliu!$A$5:$A$19,MATCH(LARGE(Portofoliu!$F$5:$F$19,A5),Portofoliu!$F$5:$F$19,0)) -> CLS | C5: =LARGE(Portofoliu!$F$5:$F$19,A5) -> 90291.51 | E5: 2 | F5: =INDEX(Portofoliu!$A$5:$A$19,MATCH(LARGE(Portofoliu!$H$5:$H$19,E5),Portofoliu!$H$5:$H$19,0)) -> ALAB | G5: =MAX(LARGE(Portofoliu!$H$5:$H$19,E5),0) -> 0.96721733 | H5: =MIN(LARGE(Portofoliu!$H$5:$H$19,E5),0) -> 0 | J5: =B5 -> CLS | K5: =INDEX(Portofoliu!$E$5:$E$19,MATCH(J5,Portofoliu!$A$5:$A$19,0)) -> 60120.63 | L5: =C5 -> 90291.51 | N5: Cash | O5: =Portofoliu!N5 -> 203527.52
A6: 3 | B6: =INDEX(Portofoliu!$A$5:$A$19,MATCH(LARGE(Portofoliu!$F$5:$F$19,A6),Portofoliu!$F$5:$F$19,0)) -> CRDO | C6: =LARGE(Portofoliu!$F$5:$F$19,A6) -> 77003.5 | E6: 3 | F6: =INDEX(Portofoliu!$A$5:$A$19,MATCH(LARGE(Portofoliu!$H$5:$H$19,E6),Portofoliu!$H$5:$H$19,0)) -> STRL | G6: =MAX(LARGE(Portofoliu!$H$5:$H$19,E6),0) -> 0.92216064 | H6: =MIN(LARGE(Portofoliu!$H$5:$H$19,E6),0) -> 0 | J6: =B6 -> CRDO | K6: =INDEX(Portofoliu!$E$5:$E$19,MATCH(J6,Portofoliu!$A$5:$A$19,0)) -> 55660.5 | L6: =C6 -> 77003.5
A7: 4 | B7: =INDEX(Portofoliu!$A$5:$A$19,MATCH(LARGE(Portofoliu!$F$5:$F$19,A7),Portofoliu!$F$5:$F$19,0)) -> ALAB | C7: =LARGE(Portofoliu!$F$5:$F$19,A7) -> 63071.25 | E7: 4 | F7: =INDEX(Portofoliu!$A$5:$A$19,MATCH(LARGE(Portofoliu!$H$5:$H$19,E7),Portofoliu!$H$5:$H$19,0)) -> IESC | G7: =MAX(LARGE(Portofoliu!$H$5:$H$19,E7),0) -> 0.77743885 | H7: =MIN(LARGE(Portofoliu!$H$5:$H$19,E7),0) -> 0 | J7: =B7 -> ALAB | K7: =INDEX(Portofoliu!$E$5:$E$19,MATCH(J7,Portofoliu!$A$5:$A$19,0)) -> 32061.15 | L7: =C7 -> 63071.25
A8: 5 | B8: =INDEX(Portofoliu!$A$5:$A$19,MATCH(LARGE(Portofoliu!$F$5:$F$19,A8),Portofoliu!$F$5:$F$19,0)) -> STRL | C8: =LARGE(Portofoliu!$F$5:$F$19,A8) -> 62493.21 | E8: 5 | F8: =INDEX(Portofoliu!$A$5:$A$19,MATCH(LARGE(Portofoliu!$H$5:$H$19,E8),Portofoliu!$H$5:$H$19,0)) -> CLS | G8: =MAX(LARGE(Portofoliu!$H$5:$H$19,E8),0) -> 0.50183905 | H8: =MIN(LARGE(Portofoliu!$H$5:$H$19,E8),0) -> 0 | J8: =B8 -> STRL | K8: =INDEX(Portofoliu!$E$5:$E$19,MATCH(J8,Portofoliu!$A$5:$A$19,0)) -> 32511.96 | L8: =C8 -> 62493.21
A9: 6 | B9: =INDEX(Portofoliu!$A$5:$A$19,MATCH(LARGE(Portofoliu!$F$5:$F$19,A9),Portofoliu!$F$5:$F$19,0)) -> IESC | C9: =LARGE(Portofoliu!$F$5:$F$19,A9) -> 49412.8 | E9: 6 | F9: =INDEX(Portofoliu!$A$5:$A$19,MATCH(LARGE(Portofoliu!$H$5:$H$19,E9),Portofoliu!$H$5:$H$19,0)) -> CRDO | G9: =MAX(LARGE(Portofoliu!$H$5:$H$19,E9),0) -> 0.38344966 | H9: =MIN(LARGE(Portofoliu!$H$5:$H$19,E9),0) -> 0 | J9: =B9 -> IESC | K9: =INDEX(Portofoliu!$E$5:$E$19,MATCH(J9,Portofoliu!$A$5:$A$19,0)) -> 27800 | L9: =C9 -> 49412.8
A10: 7 | B10: =INDEX(Portofoliu!$A$5:$A$19,MATCH(LARGE(Portofoliu!$F$5:$F$19,A10),Portofoliu!$F$5:$F$19,0)) -> VRT | C10: =LARGE(Portofoliu!$F$5:$F$19,A10) -> 39438.4 | E10: 7 | F10: =INDEX(Portofoliu!$A$5:$A$19,MATCH(LARGE(Portofoliu!$H$5:$H$19,E10),Portofoliu!$H$5:$H$19,0)) -> AAOI | G10: =MAX(LARGE(Portofoliu!$H$5:$H$19,E10),0) -> 0.28948753 | H10: =MIN(LARGE(Portofoliu!$H$5:$H$19,E10),0) -> 0 | J10: =B10 -> VRT | K10: =INDEX(Portofoliu!$E$5:$E$19,MATCH(J10,Portofoliu!$A$5:$A$19,0)) -> 34814.4 | L10: =C10 -> 39438.4
A11: 8 | B11: =INDEX(Portofoliu!$A$5:$A$19,MATCH(LARGE(Portofoliu!$F$5:$F$19,A11),Portofoliu!$F$5:$F$19,0)) -> FN | C11: =LARGE(Portofoliu!$F$5:$F$19,A11) -> 36851.26 | E11: 8 | F11: =INDEX(Portofoliu!$A$5:$A$19,MATCH(LARGE(Portofoliu!$H$5:$H$19,E11),Portofoliu!$H$5:$H$19,0)) -> ANET | G11: =MAX(LARGE(Portofoliu!$H$5:$H$19,E11),0) -> 0.19493965 | H11: =MIN(LARGE(Portofoliu!$H$5:$H$19,E11),0) -> 0 | J11: =B11 -> FN | K11: =INDEX(Portofoliu!$E$5:$E$19,MATCH(J11,Portofoliu!$A$5:$A$19,0)) -> 33044.7 | L11: =C11 -> 36851.26
A12: 9 | B12: =INDEX(Portofoliu!$A$5:$A$19,MATCH(LARGE(Portofoliu!$F$5:$F$19,A12),Portofoliu!$F$5:$F$19,0)) -> AAOI | C12: =LARGE(Portofoliu!$F$5:$F$19,A12) -> 22669.9 | E12: 9 | F12: =INDEX(Portofoliu!$A$5:$A$19,MATCH(LARGE(Portofoliu!$H$5:$H$19,E12),Portofoliu!$H$5:$H$19,0)) -> VRT | G12: =MAX(LARGE(Portofoliu!$H$5:$H$19,E12),0) -> 0.1328186 | H12: =MIN(LARGE(Portofoliu!$H$5:$H$19,E12),0) -> 0 | J12: =B12 -> AAOI | K12: =INDEX(Portofoliu!$E$5:$E$19,MATCH(J12,Portofoliu!$A$5:$A$19,0)) -> 17580.55 | L12: =C12 -> 22669.9
A13: 10 | B13: =INDEX(Portofoliu!$A$5:$A$19,MATCH(LARGE(Portofoliu!$F$5:$F$19,A13),Portofoliu!$F$5:$F$19,0)) -> LEU | C13: =LARGE(Portofoliu!$F$5:$F$19,A13) -> 22659.56 | E13: 10 | F13: =INDEX(Portofoliu!$A$5:$A$19,MATCH(LARGE(Portofoliu!$H$5:$H$19,E13),Portofoliu!$H$5:$H$19,0)) -> INOD | G13: =MAX(LARGE(Portofoliu!$H$5:$H$19,E13),0) -> 0.12546584 | H13: =MIN(LARGE(Portofoliu!$H$5:$H$19,E13),0) -> 0 | J13: =B13 -> LEU | K13: =INDEX(Portofoliu!$E$5:$E$19,MATCH(J13,Portofoliu!$A$5:$A$19,0)) -> 35112 | L13: =C13 -> 22659.56
A14: 11 | B14: =INDEX(Portofoliu!$A$5:$A$19,MATCH(LARGE(Portofoliu!$F$5:$F$19,A14),Portofoliu!$F$5:$F$19,0)) -> ANET | C14: =LARGE(Portofoliu!$F$5:$F$19,A14) -> 22014.66 | E14: 11 | F14: =INDEX(Portofoliu!$A$5:$A$19,MATCH(LARGE(Portofoliu!$H$5:$H$19,E14),Portofoliu!$H$5:$H$19,0)) -> FN | G14: =MAX(LARGE(Portofoliu!$H$5:$H$19,E14),0) -> 0.11519427 | H14: =MIN(LARGE(Portofoliu!$H$5:$H$19,E14),0) -> 0 | J14: =B14 -> ANET | K14: =INDEX(Portofoliu!$E$5:$E$19,MATCH(J14,Portofoliu!$A$5:$A$19,0)) -> 18423.24 | L14: =C14 -> 22014.66
A15: 12 | B15: =INDEX(Portofoliu!$A$5:$A$19,MATCH(LARGE(Portofoliu!$F$5:$F$19,A15),Portofoliu!$F$5:$F$19,0)) -> INOD | C15: =LARGE(Portofoliu!$F$5:$F$19,A15) -> 16172.1 | E15: 12 | F15: =INDEX(Portofoliu!$A$5:$A$19,MATCH(LARGE(Portofoliu!$H$5:$H$19,E15),Portofoliu!$H$5:$H$19,0)) -> OKLO | G15: =MAX(LARGE(Portofoliu!$H$5:$H$19,E15),0) -> 0 | H15: =MIN(LARGE(Portofoliu!$H$5:$H$19,E15),0) -> -0.29314648 | J15: =B15 -> INOD | K15: =INDEX(Portofoliu!$E$5:$E$19,MATCH(J15,Portofoliu!$A$5:$A$19,0)) -> 14369.25 | L15: =C15 -> 16172.1
A16: 13 | B16: =INDEX(Portofoliu!$A$5:$A$19,MATCH(LARGE(Portofoliu!$F$5:$F$19,A16),Portofoliu!$F$5:$F$19,0)) -> OKLO | C16: =LARGE(Portofoliu!$F$5:$F$19,A16) -> 7364 | E16: 13 | F16: =INDEX(Portofoliu!$A$5:$A$19,MATCH(LARGE(Portofoliu!$H$5:$H$19,E16),Portofoliu!$H$5:$H$19,0)) -> LEU | G16: =MAX(LARGE(Portofoliu!$H$5:$H$19,E16),0) -> 0 | H16: =MIN(LARGE(Portofoliu!$H$5:$H$19,E16),0) -> -0.35464912 | J16: =B16 -> OKLO | K16: =INDEX(Portofoliu!$E$5:$E$19,MATCH(J16,Portofoliu!$A$5:$A$19,0)) -> 10418 | L16: =C16 -> 7364
A17: 14 | B17: =INDEX(Portofoliu!$A$5:$A$19,MATCH(LARGE(Portofoliu!$F$5:$F$19,A17),Portofoliu!$F$5:$F$19,0)) -> NNE | C17: =LARGE(Portofoliu!$F$5:$F$19,A17) -> 5075.17 | E17: 14 | F17: =INDEX(Portofoliu!$A$5:$A$19,MATCH(LARGE(Portofoliu!$H$5:$H$19,E17),Portofoliu!$H$5:$H$19,0)) -> UUUU | G17: =MAX(LARGE(Portofoliu!$H$5:$H$19,E17),0) -> 0 | H17: =MIN(LARGE(Portofoliu!$H$5:$H$19,E17),0) -> -0.49207921 | J17: =B17 -> NNE | K17: =INDEX(Portofoliu!$E$5:$E$19,MATCH(J17,Portofoliu!$A$5:$A$19,0)) -> 10511.72 | L17: =C17 -> 5075.17
A18: 15 | B18: =INDEX(Portofoliu!$A$5:$A$19,MATCH(LARGE(Portofoliu!$F$5:$F$19,A18),Portofoliu!$F$5:$F$19,0)) -> UUUU | C18: =LARGE(Portofoliu!$F$5:$F$19,A18) -> 3898.8 | E18: 15 | F18: =INDEX(Portofoliu!$A$5:$A$19,MATCH(LARGE(Portofoliu!$H$5:$H$19,E18),Portofoliu!$H$5:$H$19,0)) -> NNE | G18: =MAX(LARGE(Portofoliu!$H$5:$H$19,E18),0) -> 0 | H18: =MIN(LARGE(Portofoliu!$H$5:$H$19,E18),0) -> -0.51718938 | J18: =B18 -> UUUU | K18: =INDEX(Portofoliu!$E$5:$E$19,MATCH(J18,Portofoliu!$A$5:$A$19,0)) -> 7676 | L18: =C18 -> 3898.8
A21: Tabele ajutătoare pentru grafice (formule) — nu edita; se actualizează din foaia Portofoliu.

Sheet Grafice
A1: Grafice portofoliu
